{
    "cal_list": 501,
    "QAOA_list": [
        [
            -2.394686842831346,
            -2.392073034951607,
            -2.3019062354343545,
            -2.396544557770802,
            -2.4357025873016553,
            -2.4172062379147596,
            -2.483095347485298,
            -2.4227654565644086,
            -2.4623962992491943,
            -2.4491804854490193,
            -2.478572672885816,
            -2.445390265319708,
            -2.481040754786009,
            -2.4932251223625848,
            -2.495199837231787,
            -2.505558196469694,
            -2.4914866352027047,
            -2.4980980466364513,
            -2.482050363847344,
            -2.4930488624730724,
            -2.51234047975651,
            -2.5001333797570697,
            -2.508008774491243,
            -2.4823984240447587,
            -2.512964789560621,
            -2.516978811404572,
            -2.5149615413354143,
            -2.516923447903792,
            -2.511703885248979,
            -2.5289528503061423,
            -2.523776143214443,
            -2.504843990759203,
            -2.4801404717740176,
            -2.5088244410292795,
            -2.5360017650145945,
            -2.5226609070330177,
            -2.5379969711785684,
            -2.529531127457337,
            -2.535682004174063,
            -2.520378616570618,
            -2.5294000327805617,
            -2.5304480316994864,
            -2.5336269972022665,
            -2.507991564122219,
            -2.540116721605252,
            -2.5407456750490276,
            -2.5263301116405783,
            -2.5317163310827424,
            -2.532964023239795,
            -2.5195884670088278,
            -2.538469163087979,
            -2.5314798191200314,
            -2.5289462945293373,
            -2.5422740566181705,
            -2.535588892595622,
            -2.538766355792694,
            -2.543170473949552,
            -2.5442964820618093,
            -2.5326636015223145,
            -2.5508585355686644,
            -2.5533827290684217,
            -2.5310617181886723,
            -2.5422858509586685,
            -2.5444099586533735,
            -2.5424785485966406,
            -2.5488292887247694,
            -2.5480893247091276,
            -2.5447749733278444,
            -2.5471566864506157,
            -2.5385229479445686,
            -2.547909357645821,
            -2.5510345279002724,
            -2.551313361070691,
            -2.5544840453477313,
            -2.561149462079964,
            -2.549282188004666,
            -2.5160489773301755,
            -2.549221938372536,
            -2.544206363819471,
            -2.5567635280641166,
            -2.5511411666051482,
            -2.560501769578689,
            -2.5588590217006875,
            -2.5512954921830615,
            -2.564165574624698,
            -2.5535464396928633,
            -2.5611749577097362,
            -2.5584956356356177,
            -2.562234377945807,
            -2.5624509106601026,
            -2.5634763053023546,
            -2.565587392746667,
            -2.5616000180178515,
            -2.5676971357177916,
            -2.566649938046417,
            -2.56481495081844,
            -2.566037070216731,
            -2.5606294386511066,
            -2.566274756712844,
            -2.554473183994297
        ],
        -2.5705362447456235,
        1484
    ]
}