{
    "cal_list": 500,
    "QAOA_list": [
        [
            -2.3249267634200415,
            -2.464946687310442,
            -2.3251416426991525,
            -2.440443802431964,
            -2.4462149434387648,
            -2.480105567433171,
            -2.4380581039923483,
            -2.463440575702888,
            -2.330462134781882,
            -2.499247540800687,
            -2.495622265477402,
            -2.4642954599558586,
            -2.401186406989507,
            -2.468552024570847,
            -2.5148699748204884,
            -2.438473486686771,
            -2.522522516236145,
            -2.520608890683153,
            -2.4851659450933,
            -2.4453183403029684,
            -2.5322177209875023,
            -2.530999201318761,
            -2.5154662686733804,
            -2.477284894205711,
            -2.479698834327751,
            -2.4924029816658106,
            -2.5198233572607673,
            -2.5332333199439665,
            -2.539083587813335,
            -2.522754026678847,
            -2.541063739372389,
            -2.5378304599105252,
            -2.4902614905358655,
            -2.5369510788187704,
            -2.5234974939180774,
            -2.5314843851452697,
            -2.5376964647971385,
            -2.5375642992896665,
            -2.540343583354701,
            -2.5323966030320046,
            -2.533472643799427,
            -2.544624126754154,
            -2.5295096132325954,
            -2.5031738411877056,
            -2.545420568706552,
            -2.5354126668083152,
            -2.5045336678721917,
            -2.5360960679062474,
            -2.542038914023936,
            -2.5429438312277126,
            -2.541403857479374,
            -2.5362663321963788,
            -2.5403250475678663,
            -2.545072204645957,
            -2.545141985508776,
            -2.5404046680911705,
            -2.543025753035189,
            -2.5496497132041407,
            -2.540661679049772,
            -2.5411874891584696,
            -2.4995915126029438,
            -2.543533905973091,
            -2.5515300757598633,
            -2.5454214425379234,
            -2.5493965850911313,
            -2.5436498440407416,
            -2.5524169963218784,
            -2.5490445146200535,
            -2.5507698579703635,
            -2.551272278484038,
            -2.5513282559620563,
            -2.542097088006978,
            -2.5538476331078646,
            -2.547888430211282,
            -2.553105042114229,
            -2.553795060638757,
            -2.5555209015074634,
            -2.5530035339164425,
            -2.555362002765645,
            -2.552270163554511,
            -2.546046109844217,
            -2.5465774475388074,
            -2.5544145046478617,
            -2.547685785872111,
            -2.548607014919117,
            -2.549441964856834,
            -2.550931193521711,
            -2.5521858771327164,
            -2.5528081960047566,
            -2.5517602375372856,
            -2.55560065421209,
            -2.5548604485616515,
            -2.5568440172021796,
            -2.554626891703107,
            -2.551211164637402,
            -2.556246620974384,
            -2.5583201954941597,
            -2.557204094367463,
            -2.5536563619392076,
            -2.5582976531266404
        ],
        -2.5690319043920766,
        1082
    ]
}