{
    "cal_list": 504,
    "QAOA_list": [
        [
            -2.321405543115791,
            -2.378242247355955,
            -2.3747375475268586,
            -2.35193202034826,
            -2.3347055386767157,
            -2.3520646177051283,
            -2.414487651895671,
            -2.3218937488317293,
            -2.3158638243275904,
            -2.367744872201751,
            -2.329924054631891,
            -2.4008841208845535,
            -2.411738442678714,
            -2.4104254984184177,
            -2.4198414557144456,
            -2.4157255623217764,
            -2.411082586239282,
            -2.4222232383743925,
            -2.357851664625126,
            -2.385612752874078,
            -2.4083810469415257,
            -2.4254429629252643,
            -2.3936835623586123,
            -2.426529564277627,
            -2.4304283869233014,
            -2.4276544111164786,
            -2.3851602123968516,
            -2.4285314426215696,
            -2.3914223289995054,
            -2.427694547017363,
            -2.422700353247539,
            -2.428033099533097,
            -2.4278524656066756,
            -2.4304955268328166,
            -2.435713729946463,
            -2.4221372530262477,
            -2.4264261827765425,
            -2.4357852784337335,
            -2.3971897721757593,
            -2.4396301878281923,
            -2.4195713603012727,
            -2.4344779966057954,
            -2.4388478445848705,
            -2.4454752353283244,
            -2.449429895844565,
            -2.4046397995013287,
            -2.4331521677357175,
            -2.4352959638710163,
            -2.4383028421155384,
            -2.4369318998093954,
            -2.449601906020179,
            -2.4438165816595365,
            -2.4457826018410573,
            -2.45434292156379,
            -2.4040969249168156,
            -2.4478650967812743,
            -2.4503230862517973,
            -2.4535349219062965,
            -2.459623056722894,
            -2.4457320755640466,
            -2.4501813637103718,
            -2.4559519747418723,
            -2.4616451344687,
            -2.4530801985044604,
            -2.4503494081694677,
            -2.4503009494560586,
            -2.4587077484075555,
            -2.458522002679376,
            -2.4617217480067035,
            -2.4594894998453123,
            -2.4132407031220344,
            -2.4585952052347557,
            -2.4525560589141415,
            -2.4573048468460765,
            -2.463393426829946,
            -2.451558506941466,
            -2.4585182756258845,
            -2.4654285261094837,
            -2.466233556894296,
            -2.464923097737392,
            -2.462558460401847,
            -2.447583046855139,
            -2.4644211958821924,
            -2.4686109809984167,
            -2.4635177933525183,
            -2.468804654511047,
            -2.471324774971042,
            -2.471368652583502,
            -2.4700229634451984,
            -2.4719567435683034,
            -2.4648629519266994,
            -2.46781214519579,
            -2.4729006085033265,
            -2.469395809941563,
            -2.4690375966930453,
            -2.4671396980045914,
            -2.4695696831547047,
            -2.4741057314279975,
            -2.4740050328539622,
            -2.4668905220706527
        ],
        -2.4936002150836907,
        1660
    ]
}