{
    "cal_list": 507,
    "QAOA_list": [
        [
            -2.3587397663884784,
            -2.35991586267159,
            -2.3740049412165463,
            -2.3928867476692504,
            -2.422973285994894,
            -2.357840872158278,
            -2.3674931917566977,
            -2.3730708961740086,
            -2.406801086076563,
            -2.401091419096641,
            -2.3764877564475646,
            -2.3889458412307816,
            -2.432676634022913,
            -2.405160137435356,
            -2.4349769613978776,
            -2.3878048973214545,
            -2.427043304116206,
            -2.3855182819758314,
            -2.437145320674782,
            -2.430707028454703,
            -2.4178413771759693,
            -2.455850783357718,
            -2.4395015383025678,
            -2.4367373587461603,
            -2.4431353498241357,
            -2.4362446010840273,
            -2.4377565322869983,
            -2.450218326538717,
            -2.4313495992287595,
            -2.4363346134797617,
            -2.4468471784373147,
            -2.4489889646493332,
            -2.447464284903653,
            -2.4481718882408985,
            -2.4498375595221806,
            -2.4520246236161656,
            -2.4481336473586097,
            -2.4498967616023153,
            -2.4405734509333494,
            -2.4469093761198635,
            -2.4514880925141953,
            -2.451472871654797,
            -2.4495920258367843,
            -2.451193666650583,
            -2.4514807990927676,
            -2.447399163812586,
            -2.4548167527865066,
            -2.451792349027075,
            -2.4541771150453826,
            -2.453396882272912,
            -2.4540956785475303,
            -2.4568514606013205,
            -2.4575334290371766,
            -2.456443602297455,
            -2.412202394225177,
            -2.458920169365574,
            -2.459566826285774,
            -2.4481366309158186,
            -2.4627232365582277,
            -2.454377051108892,
            -2.3795225583810033,
            -2.459245411009641,
            -2.4625752619188974,
            -2.4580652260644653,
            -2.4600447085679433,
            -2.4565916988978977,
            -2.4643173578546063,
            -2.46061979252519,
            -2.457968360056772,
            -2.45924502445372,
            -2.4596070207639,
            -2.4622154530372375,
            -2.4636200500570795,
            -2.462959291055741,
            -2.4574470163745725,
            -2.4628997384504134,
            -2.460591516652887,
            -2.467536718696218,
            -2.4641791555501835,
            -2.4655844916567213,
            -2.465735297274009,
            -2.4639215569163135,
            -2.458448188880932,
            -2.451288483821843,
            -2.464233452334438,
            -2.4665735734624543,
            -2.467396377915198,
            -2.467813899722846,
            -2.464959519127471,
            -2.464520665634794,
            -2.465264586997216,
            -2.462203376857243,
            -2.464490676149051,
            -2.465039858841097,
            -2.471048221299885,
            -2.4642958399056827,
            -2.468976154593614,
            -2.4687491857278077,
            -2.4692721907815773,
            -2.4707824471778865
        ],
        -2.4750508346679228,
        1883
    ]
}