{
    "cal_list": 509,
    "QAOA_list": [
        [
            -2.232132378894542,
            -2.165003738737295,
            -2.167546987691716,
            -2.2994875831787756,
            -2.2855638771582427,
            -2.340071606264077,
            -2.3304040347397947,
            -2.410837765685104,
            -2.398973127748231,
            -2.436301670387712,
            -2.404996566536684,
            -2.3964701375053905,
            -2.3592815202662965,
            -2.410993016846595,
            -2.4464938759984762,
            -2.3589211279959965,
            -2.451562884420655,
            -2.4463607707030492,
            -2.447701261195848,
            -2.4654789800378554,
            -2.421868474311064,
            -2.4643185064224475,
            -2.40688747553213,
            -2.4522907701216003,
            -2.465837936040102,
            -2.4569446175716494,
            -2.4533056632024928,
            -2.4451505318938183,
            -2.4633446459774486,
            -2.3617575331091367,
            -2.453702010731373,
            -2.4607976617312164,
            -2.472241100131579,
            -2.427423474199085,
            -2.438344842231413,
            -2.4669214824805437,
            -2.4265587278645357,
            -2.392512159269762,
            -2.4717154609404646,
            -2.450629051649468,
            -2.4810373086976067,
            -2.4705855232591403,
            -2.481195429115706,
            -2.4909922768530763,
            -2.4866225393231858,
            -2.496247874700891,
            -2.493797314057278,
            -2.489274926815599,
            -2.4368873580798285,
            -2.482417236776272,
            -2.4895866444418058,
            -2.49968079870443,
            -2.4975092089299467,
            -2.5000271487696057,
            -2.485561892284298,
            -2.5038796947502586,
            -2.497133441849697,
            -2.4962902553304893,
            -2.507765739036415,
            -2.512747912344043,
            -2.5071097600758225,
            -2.518440074630108,
            -2.512827276591537,
            -2.5155678057174824,
            -2.5067732420667777,
            -2.514081600399921,
            -2.520662226611728,
            -2.517365905859327,
            -2.5235217214048746,
            -2.525735781185869,
            -2.5107310472834836,
            -2.5233564275807687,
            -2.5166271767759794,
            -2.5282334436881917,
            -2.5179377547609634,
            -2.5143356244890698,
            -2.5237658769259697,
            -2.515811372871762,
            -2.5225245401570073,
            -2.530139271222381,
            -2.523630352851597,
            -2.5284431809601786,
            -2.5253249104962006,
            -2.5256723370734258,
            -2.530480916046418,
            -2.5290026657902134,
            -2.520750161791017,
            -2.5292914219989777,
            -2.53012161582652,
            -2.518623698375748,
            -2.5297574844149695,
            -2.526669585171911,
            -2.524817608655117,
            -2.5282922191084474,
            -2.5234088394545644,
            -2.5279000352234795,
            -2.530192570859935,
            -2.5275605480424024,
            -2.5272391464677417,
            -2.527102102951636
        ],
        -2.5441978635184426,
        1501
    ]
}