{
    "cal_list": 508,
    "QAOA_list": [
        [
            -2.2365377723270585,
            -2.2033445155825864,
            -2.2040242362121947,
            -2.163701166868513,
            -2.242548689807668,
            -2.2440145120150468,
            -2.3622140785348487,
            -2.394423650582032,
            -2.3754498242422697,
            -2.2352247302312707,
            -2.3481643684931335,
            -2.3553464601488034,
            -2.4040513662548046,
            -2.3710766004321946,
            -2.40507646275286,
            -2.4060641096761386,
            -2.357899789451505,
            -2.3722593732621995,
            -2.372956015616582,
            -2.412308326027017,
            -2.4037180219841034,
            -2.3604648880307932,
            -2.4229736099688823,
            -2.419198966751634,
            -2.416105088913599,
            -2.419326808111495,
            -2.415725206041455,
            -2.430850922279819,
            -2.4145547120893185,
            -2.4091346276262104,
            -2.407004084894617,
            -2.4327606575288767,
            -2.381693657327622,
            -2.4226476940119634,
            -2.3872618288645286,
            -2.4090260658410254,
            -2.3911269198205294,
            -2.442754122487918,
            -2.4338670056825653,
            -2.4199940784031,
            -2.438357695463799,
            -2.440415904501281,
            -2.4347321811942533,
            -2.4280566263134293,
            -2.396553934749525,
            -2.4265438590820843,
            -2.43300149537099,
            -2.439153016916225,
            -2.4187117336261847,
            -2.442366242944646,
            -2.438980493037844,
            -2.437352460313077,
            -2.399346742851395,
            -2.4436612614083697,
            -2.4386753126500835,
            -2.432761084460088,
            -2.4288777412392437,
            -2.4475563788385784,
            -2.4450349017912623,
            -2.4384932431568225,
            -2.442635224557612,
            -2.39274241467473,
            -2.4078262152783036,
            -2.436327501512852,
            -2.4435251481488933,
            -2.4318865859627503,
            -2.427216519811551,
            -2.4401332236922433,
            -2.4393870663588206,
            -2.4417899906178313,
            -2.449446559178509,
            -2.4411017042911953,
            -2.432077171966614,
            -2.448499962564983,
            -2.4394252417440434,
            -2.4440917007444285,
            -2.4398460903002688,
            -2.43627603128663,
            -2.44067157079873,
            -2.446343278577794,
            -2.4450196219312494,
            -2.4458755866850805,
            -2.4414712843618465,
            -2.4472789470928555,
            -2.4464067188046927,
            -2.447079952863511,
            -2.4347150293014725,
            -2.4489140721339404,
            -2.4432229369274383,
            -2.44370100441967,
            -2.441300594322443,
            -2.445069348222399,
            -2.447016356822413,
            -2.4485647218089595,
            -2.445597007882226,
            -2.4450952655174705,
            -2.4459887112771064,
            -2.44822186542843,
            -2.4456763921722544,
            -2.4443558070971934
        ],
        -2.4655327103602964,
        1684
    ]
}