{
    "cal_list": 506,
    "QAOA_list": [
        [
            -2.3058276343873585,
            -2.3980869756159837,
            -2.2595484810587196,
            -2.3436677829632218,
            -2.400042463284462,
            -2.3966294836890794,
            -2.412671247343412,
            -2.426560083380987,
            -2.4176573896433466,
            -2.3628516172714376,
            -2.429287113445937,
            -2.3765938847701675,
            -2.4218295321932586,
            -2.3709381437524764,
            -2.4454200436472893,
            -2.407065750460632,
            -2.446716254047807,
            -2.4254055717251144,
            -2.431295984347928,
            -2.4031730930221737,
            -2.4341407325233058,
            -2.4072073657380977,
            -2.4124931317995557,
            -2.4236563396162523,
            -2.418394058645355,
            -2.467498148335786,
            -2.459691803042544,
            -2.4594673892092764,
            -2.462389405503957,
            -2.455211371221723,
            -2.456918654252556,
            -2.4613910416702676,
            -2.4614393368605896,
            -2.470618286014529,
            -2.45978675541721,
            -2.43533690494028,
            -2.4642705024946068,
            -2.4289232262473344,
            -2.4730205633884976,
            -2.4626527913835172,
            -2.468157237458071,
            -2.438912516014182,
            -2.4774185567399867,
            -2.47319237969694,
            -2.4321615769186864,
            -2.4655126479013423,
            -2.471840481094677,
            -2.470249478250442,
            -2.4303995384381296,
            -2.470792748652773,
            -2.4575659788446895,
            -2.466833834574077,
            -2.4694198496043125,
            -2.4656535989933004,
            -2.4739314227994096,
            -2.4717255340438853,
            -2.474548681746723,
            -2.4693568940273836,
            -2.460898630697573,
            -2.4728508261176434,
            -2.47917515818788,
            -2.4739342362158103,
            -2.478678791339054,
            -2.4354068851809068,
            -2.473624903411148,
            -2.4776518013204067,
            -2.482180905146743,
            -2.4792901025397516,
            -2.4800585876965884,
            -2.473346588585149,
            -2.4785896924430797,
            -2.475156950079224,
            -2.4799150956019163,
            -2.4747223424084472,
            -2.469103691333658,
            -2.4709274333889537,
            -2.4772526346368813,
            -2.4781847188638593,
            -2.478088667937484,
            -2.4705280296027143,
            -2.4815763882891058,
            -2.466088133839928,
            -2.474041420817178,
            -2.465807067867713,
            -2.4770119205283714,
            -2.4725709124861344,
            -2.478141156048374,
            -2.4802301388141585,
            -2.474085032560288,
            -2.481581808457514,
            -2.4782427812160104,
            -2.4804377894409466,
            -2.478821733870876,
            -2.479601424388678,
            -2.4792298766076657,
            -2.4805752927989118,
            -2.4807877713163395,
            -2.481511373098734,
            -2.4816866470206036,
            -2.477197742959497
        ],
        -2.500295706067903,
        1721
    ]
}