{
    "cal_list": 502,
    "QAOA_list": [
        [
            -2.225583961739301,
            -2.176190384429582,
            -2.2079038216392615,
            -2.328569259279482,
            -2.305063482418949,
            -2.441267410112882,
            -2.3804115426688988,
            -2.4267615426238667,
            -2.4170666734554183,
            -2.3327396123519466,
            -2.418187008497351,
            -2.4856132216932587,
            -2.4609317601071354,
            -2.386325369291404,
            -2.4671663774613775,
            -2.452037531489105,
            -2.3095791337442795,
            -2.392607466261576,
            -2.481208502800906,
            -2.4106547236196367,
            -2.5025528799736847,
            -2.4440515312797135,
            -2.4755527591912823,
            -2.4989608388873936,
            -2.4939139198890774,
            -2.4863268941999057,
            -2.4977908039596124,
            -2.378659075624427,
            -2.485842354422123,
            -2.4621520361053206,
            -2.5017999746769055,
            -2.500998637073548,
            -2.4394327948416956,
            -2.503007358868892,
            -2.497507113423291,
            -2.464480042887825,
            -2.4063290481053206,
            -2.47262426687328,
            -2.511366669309464,
            -2.512027617587513,
            -2.503274165210704,
            -2.509517113611041,
            -2.4989325317295554,
            -2.4130468244138292,
            -2.497327745995612,
            -2.5196322513039426,
            -2.518241962409638,
            -2.5099848290908238,
            -2.5130170136681897,
            -2.514540315802112,
            -2.368524262009123,
            -2.51971988851324,
            -2.513695310049091,
            -2.506073555028861,
            -2.5163029936587016,
            -2.5084272804942542,
            -2.5206212209158205,
            -2.5180109935868353,
            -2.513250865882775,
            -2.518223167464372,
            -2.5213193552704114,
            -2.466863370815774,
            -2.4773760710731234,
            -2.5118662431656738,
            -2.515180136501932,
            -2.517651238190032,
            -2.524074427440851,
            -2.527805729421736,
            -2.5162375767805063,
            -2.481516966553935,
            -2.5052939833495635,
            -2.5317048462461105,
            -2.5162367255669826,
            -2.523682553284525,
            -2.4909746397615935,
            -2.5250575170648295,
            -2.5343462854841348,
            -2.52042166487696,
            -2.5280239444124253,
            -2.522066254865559,
            -2.5243563524238257,
            -2.5261322718529677,
            -2.5406977117602128,
            -2.53145840702618,
            -2.532061030807295,
            -2.533132807628697,
            -2.534977636671911,
            -2.5351798753573984,
            -2.531844030033409,
            -2.533291285176683,
            -2.5391999503304863,
            -2.538609627377821,
            -2.534225775936694,
            -2.4973802629374386,
            -2.52658749102835,
            -2.540151497927245,
            -2.5420427424808905,
            -2.5294107672537067,
            -2.5397774441840273,
            -2.5355957696945444
        ],
        -2.5525087647111944,
        1356
    ]
}