{
    "cal_list": 505,
    "QAOA_list": [
        [
            -2.0513646967547947,
            -2.260797507943421,
            -2.2059337477977308,
            -2.369315457252763,
            -2.3475994266792837,
            -2.363254710903676,
            -2.3563873682785244,
            -2.4009751897681513,
            -2.3344563295421845,
            -2.3545396197523965,
            -2.30068444134803,
            -2.3927096537989216,
            -2.41424198409586,
            -2.409412175742042,
            -2.41435855641025,
            -2.425344141274519,
            -2.3832978239556617,
            -2.3769453217080714,
            -2.2990443171761483,
            -2.394368796463184,
            -2.4082447563384077,
            -2.3664169108838733,
            -2.342123391015448,
            -2.419558242770092,
            -2.4276234196724205,
            -2.3855415299060834,
            -2.425298788459868,
            -2.266195094437917,
            -2.436254992847949,
            -2.424435237621181,
            -2.390947598404734,
            -2.4316863397771535,
            -2.447073847883826,
            -2.4284387422654943,
            -2.4293198739785105,
            -2.435993282464697,
            -2.4506863312745564,
            -2.43619806132082,
            -2.4398700419365325,
            -2.3954837957860438,
            -2.4423288687191143,
            -2.4510447824063,
            -2.4375469532475647,
            -2.4306190025897054,
            -2.437279068469774,
            -2.4419716269711302,
            -2.441922628018747,
            -2.4474956070075526,
            -2.4498322082386967,
            -2.4408856002764985,
            -2.4105795718022147,
            -2.4354837043072677,
            -2.4382408451958533,
            -2.4421352067729307,
            -2.449331651096824,
            -2.4523245744393805,
            -2.402803189880517,
            -2.44929879559129,
            -2.417174108904113,
            -2.4594681707953834,
            -2.4485817444061264,
            -2.4564040472104303,
            -2.457779478603732,
            -2.455370548877567,
            -2.453747453598361,
            -2.450922689080124,
            -2.4477024817429203,
            -2.456666462678918,
            -2.4492660616040602,
            -2.4551578391284026,
            -2.461518778155982,
            -2.4604082386532236,
            -2.4596212321878697,
            -2.4576727846980067,
            -2.446634644350589,
            -2.4534698288605497,
            -2.456936453225329,
            -2.459930555722474,
            -2.45812702178445,
            -2.46043381344131,
            -2.4632246531964124,
            -2.4572595372228996,
            -2.4622298007395536,
            -2.4566239099683655,
            -2.4598664965521833,
            -2.4548316228066107,
            -2.4628535702087935,
            -2.4568848664072345,
            -2.457452137358647,
            -2.462925731772672,
            -2.464863262566793,
            -2.462518084899667,
            -2.461777855713137,
            -2.4612606266602244,
            -2.4618894075328406,
            -2.4594218707200266,
            -2.4605720401060953,
            -2.4627901447450347,
            -2.459951744396505,
            -2.4639168344351106
        ],
        -2.4913143885401827,
        1774
    ]
}