{
    "cal_list": 503,
    "QAOA_list": [
        [
            -2.4685992814349658,
            -2.4071833699660337,
            -2.494340484126796,
            -2.4747755125557576,
            -2.4447462928989743,
            -2.520060126585461,
            -2.509600244397882,
            -2.5326076978511876,
            -2.506076408782784,
            -2.473134019011561,
            -2.5487983041946887,
            -2.5297181056470492,
            -2.529739514026102,
            -2.495358165365823,
            -2.5504345148809633,
            -2.5486543258468277,
            -2.5453729941668155,
            -2.5517651557820225,
            -2.532219430857253,
            -2.549740957927118,
            -2.5523668498452743,
            -2.554148291720181,
            -2.5507045021695087,
            -2.5550816664412523,
            -2.5521042718980014,
            -2.563633639648647,
            -2.558378453739435,
            -2.5554996301039017,
            -2.5637327831220795,
            -2.566252237979839,
            -2.555028599697005,
            -2.554959291520498,
            -2.5681605106050234,
            -2.5200316585484406,
            -2.5604426882820643,
            -2.5613836318779075,
            -2.5641018893151055,
            -2.572305695880932,
            -2.5673495691166353,
            -2.569180560634558,
            -2.5630200350428596,
            -2.565679436670921,
            -2.559825679616176,
            -2.5714794412530666,
            -2.570290281782087,
            -2.5739929464031115,
            -2.5706771975167406,
            -2.557510874253186,
            -2.5732586533974535,
            -2.5639315805176714,
            -2.575445711069205,
            -2.570693348977422,
            -2.5753575673136506,
            -2.5734992652564843,
            -2.5748371475527527,
            -2.5726866284058114,
            -2.575926948485393,
            -2.5107455772914657,
            -2.573149048988798,
            -2.5768812382604405,
            -2.576560099401121,
            -2.5761974474211815,
            -2.567447112241043,
            -2.571495001787874,
            -2.575829563714416,
            -2.5772003635705203,
            -2.558467946538009,
            -2.574598169064007,
            -2.57492731748002,
            -2.5759868425021,
            -2.5744291575038,
            -2.5761253429139344,
            -2.5727079009594944,
            -2.573268303808579,
            -2.567269268607288,
            -2.576910691471472,
            -2.5738787569482513,
            -2.578335075840454,
            -2.578935271535828,
            -2.578003212407126,
            -2.5727378525933835,
            -2.5740650862583347,
            -2.5785294917611954,
            -2.5797343881633905,
            -2.576201737663834,
            -2.5782320759456834,
            -2.5793578693017762,
            -2.5788727685340795,
            -2.5758914314965526,
            -2.5760141491250943,
            -2.5784978348027083,
            -2.579352331432566,
            -2.579066075452738,
            -2.5795404796409507,
            -2.580283636864209,
            -2.580649802664754,
            -2.578696176332887,
            -2.5745018906910797,
            -2.5796676031369183,
            -2.577705187355069
        ],
        -2.580868521031314,
        1094
    ]
}