{
    "cal_list": 501,
    "QAOA_list": [
        [
            -2.3257979763650423
        ],
        -2.5705362447456235,
        7
    ]
}