{
    "cal_list": 500,
    "QAOA_list": [
        [
            -2.5488613978151413
        ],
        -2.5690319043920766,
        7
    ]
}