{
    "cal_list": 500,
    "QAOA_list": [
        [
            -4.261791101342663
        ],
        -4.406869626274208,
        8
    ]
}