{
    "cal_list": 501,
    "QAOA_list": [
        [
            -4.35629837062562
        ],
        -4.35629837062562,
        8
    ]
}