{
    "cal_list": 502,
    "QAOA_list": [
        [
            -4.379733679232004
        ],
        -4.427163382529725,
        8
    ]
}