{
    "cal_list": 500,
    "QAOA_list": [
        [
            -3.036669420851001
        ],
        -4.845159521960378,
        7
    ]
}