{
    "cal_list": 500,
    "QAOA_list": [
        [
            -4.123979661015458
        ],
        -4.406869626274208,
        8
    ]
}