{
    "cal_list": 501,
    "QAOA_list": [
        [
            -2.5980950925573003
        ],
        -4.852681223728126,
        7
    ]
}