{
    "cal_list": 504,
    "QAOA_list": [
        [
            -4.499526090834134,
            -4.44458307513756,
            -4.570014870181983,
            -4.722314083388037,
            -4.813947820459632,
            -4.9705383081598855,
            -4.899086758289342,
            -5.035850895355391,
            -5.058632371304162,
            -5.173191323205124,
            -5.162756189462479,
            -5.123342090034862,
            -5.201949827624565,
            -5.11912988121352,
            -5.213309299490629,
            -5.142107883283987,
            -5.215629737472995,
            -5.195665023679197,
            -5.183031988921977,
            -5.175092064647089,
            -5.2165085590498395,
            -5.2224478857831365,
            -5.200330130046784,
            -5.197902299714672,
            -5.202375574539827,
            -5.221766070952123,
            -5.221766070952123,
            -5.214192430465139,
            -5.199740072961669,
            -5.191965116331188,
            -5.215755998696308,
            -5.229947848924292,
            -5.226058276081703,
            -5.230629663755306,
            -5.224900151617869,
            -5.233356923079363,
            -5.225376461250689,
            -5.207349594500421,
            -5.231993293417335,
            -5.231512794729817,
            -5.235103143680226,
            -5.236084182403419,
            -5.233356923079363,
            -5.198974341253305,
            -5.234720552741391,
            -5.236765997234434,
            -5.21337636958195,
            -5.236084182403419,
            -5.236084182403419,
            -5.21337636958195,
            -5.237447812065447,
            -5.237447812065447,
            -5.237447812065447,
            -5.236084182403419,
            -5.236765997234434,
            -5.23219460956083,
            -5.236765997234434,
            -5.231512794729817,
            -5.23219460956083,
            -5.23219460956083,
            -5.231036485096996,
            -5.236765997234434,
            -5.237447812065447,
            -5.237447812065447,
            -5.236084182403419,
            -5.195499655074655,
            -5.236765997234434,
            -5.237447812065447,
            -5.217375500822137,
            -5.237447812065447,
            -5.236084182403419,
            -5.237447812065447,
            -5.237447812065447,
            -5.236765997234434,
            -5.235402367572406,
            -5.237447812065447,
            -5.237447812065447,
            -5.237447812065447,
            -5.236084182403419,
            -5.236765997234434,
            -5.23219460956083,
            -5.237447812065447,
            -5.237447812065447,
            -5.237447812065447,
            -5.237447812065447,
            -5.237447812065447,
            -5.237447812065447,
            -5.2385122178352965,
            -5.236765997234434,
            -5.236765997234434,
            -5.237447812065447,
            -5.213535537020801,
            -5.237447812065447,
            -5.236765997234434,
            -5.237447812065447,
            -5.237447812065447,
            -5.237447812065447,
            -5.237447812065447,
            -5.237447812065447,
            -5.237447812065447
        ],
        -5.290668100557932,
        363
    ]
}