{
    "cal_list": 506,
    "QAOA_list": [
        [
            -2.2564479274398592,
            -2.4696071445950722,
            -2.7735231525511534,
            -3.1590058503909466,
            -3.4069647530605933,
            -4.009768233661178,
            -3.9239134521779486,
            -4.184419295362579,
            -4.4318727553614075,
            -4.593506923448462,
            -4.774329533805042,
            -4.949001277646786,
            -4.878197564953776,
            -4.884255849976562,
            -4.909992555130227,
            -4.879934091924412,
            -4.967408601702777,
            -5.057265057467018,
            -5.1208796470652445,
            -5.017919693127549,
            -5.102441487582899,
            -5.0676664306823325,
            -5.100065941704247,
            -5.124547331316276,
            -5.095090288218476,
            -5.122455441760854,
            -5.1411403694706515,
            -5.07211146616259,
            -5.122194080742072,
            -5.1411403694706515,
            -5.119536926822693,
            -5.121613612121998,
            -5.145023656223626,
            -5.11938582654735,
            -5.1411403694706515,
            -5.1417915428322525,
            -5.145023656223626,
            -5.1411403694706515,
            -5.121613612121998,
            -5.121317071569953,
            -5.107253046278312,
            -5.1411403694706515,
            -5.1411403694706515,
            -5.1411403694706515,
            -5.143803103555142,
            -5.145023656223626,
            -5.1411403694706515,
            -5.1411403694706515,
            -5.143325620864281,
            -5.145023656223626,
            -5.1411403694706515,
            -5.1411403694706515,
            -5.143803103555142,
            -5.115653640069719,
            -5.1411403694706515,
            -5.143325620864281,
            -5.147208907617255,
            -5.145023656223626,
            -5.119835535748494,
            -5.1411403694706515,
            -5.090027390048335,
            -5.143390713278048,
            -5.1411403694706515,
            -5.118310793989099,
            -5.1411403694706515,
            -5.141144678868319,
            -5.1411403694706515,
            -5.1411403694706515,
            -5.1411403694706515,
            -5.1411403694706515,
            -5.121317071569953,
            -5.118858174426115,
            -5.120228473703645,
            -5.142434667576326,
            -5.145023656223626,
            -5.147686390308117,
            -5.124111760456618,
            -5.1432262398052755,
            -5.107665436555405,
            -5.118310793989099,
            -5.1411403694706515,
            -5.125496898874973,
            -5.108740469113658,
            -5.1411403694706515,
            -5.115653640069719,
            -5.1411403694706515,
            -5.143803103555142,
            -5.1411403694706515,
            -5.1411403694706515,
            -5.1411403694706515,
            -5.145023656223626,
            -5.1411403694706515,
            -5.1417915428322525,
            -5.1411403694706515,
            -5.1411403694706515,
            -5.1411403694706515,
            -5.1411403694706515,
            -5.1411403694706515,
            -5.142434667576326,
            -5.1411403694706515
        ],
        -5.33530470711936,
        538
    ]
}