{
    "cal_list": 507,
    "QAOA_list": [
        [
            -2.7146202382012037,
            -3.0958561219323943,
            -3.467440769205533,
            -3.7633312279044087,
            -4.106894595143644,
            -4.152650747315289,
            -4.16361339957506,
            -4.214181421178197,
            -3.994388461319998,
            -4.239912121252074,
            -4.122954502730138,
            -4.202464808670059,
            -4.247906368770957,
            -4.261704155645181,
            -4.322143891116903,
            -4.504697733240657,
            -4.498303502171543,
            -4.713605943681481,
            -4.721572370157679,
            -4.822602199352154,
            -4.722856329388635,
            -5.025698378748486,
            -5.028271947005988,
            -4.981807006238642,
            -4.9093443198371425,
            -5.049042745050409,
            -4.967334202695617,
            -5.042563374248826,
            -5.007672036666292,
            -4.983836187982757,
            -5.050897292032846,
            -5.035652767381383,
            -5.067992551082762,
            -5.073895058134477,
            -5.077134743535269,
            -5.077134743535269,
            -5.077134743535269,
            -5.073895058134477,
            -5.0271335768150855,
            -5.0498845746892655,
            -5.035652767381382,
            -5.073895058134477,
            -5.020092245452361,
            -5.077134743535269,
            -5.077134743535269,
            -5.055522115851991,
            -5.077134743535269,
            -5.073895058134477,
            -5.051563409176136,
            -5.077134743535269,
            -5.0552255752999455,
            -5.070655372733686,
            -5.077134743535269,
            -5.077134743535269,
            -5.077134743535269,
            -5.0552255752999455,
            -5.073895058134477,
            -5.073895058134477,
            -5.077134743535269,
            -5.077134743535269,
            -5.077134743535269,
            -5.077134743535269,
            -5.07893215995362,
            -5.077134743535269,
            -5.077134743535269,
            -5.077134743535269,
            -5.077134743535269,
            -5.070655372733686,
            -5.077134743535269,
            -5.077134743535269,
            -5.054136977433638,
            -5.073895058134477,
            -5.077134743535269,
            -5.073895058134477,
            -5.077134743535269,
            -5.075365113362002,
            -5.077134743535269,
            -5.073895058134477,
            -5.077134743535269,
            -5.077134743535269,
            -5.077134743535269,
            -5.077134743535269,
            -5.077134743535269,
            -5.077134743535269,
            -5.077134743535269,
            -5.077134743535269,
            -5.077134743535269,
            -5.077134743535269,
            -5.077134743535269,
            -5.077134743535269,
            -5.077134743535269,
            -5.033909488168714,
            -5.077134743535269,
            -5.077134743535269,
            -5.077134743535269,
            -5.042132138182965,
            -5.077134743535269,
            -5.077134743535269,
            -5.077134743535269,
            -5.077134743535269
        ],
        -5.167005564452813,
        399
    ]
}