{
    "cal_list": 502,
    "QAOA_list": [
        [
            -4.430638825841747,
            -4.703411864176362,
            -4.868354263424013,
            -4.944677077820087,
            -4.988153297578851,
            -5.0685732261367145,
            -4.9456922166003565,
            -5.192813278494415,
            -5.2969443213608285,
            -5.296517622835297,
            -5.217812186723049,
            -5.41702978582755,
            -5.332590961283154,
            -5.144313783630412,
            -5.447168979946716,
            -5.335729705370421,
            -5.202588953875224,
            -5.5277751535801585,
            -5.307574039773576,
            -5.546274227162087,
            -5.291943627713466,
            -5.525179515842773,
            -5.461314543778354,
            -5.400010872447385,
            -5.559397438805011,
            -5.50974204744225,
            -5.490307168113893,
            -5.583200867555374,
            -5.422877505533296,
            -5.547803580663477,
            -5.611148051748115,
            -5.551176830861746,
            -5.460646288084777,
            -5.578850004754731,
            -5.4762537083680165,
            -5.531859147935974,
            -5.542558384618812,
            -5.502779603265023,
            -5.5935478637169265,
            -5.563399402309915,
            -5.592014492838088,
            -5.591602009227387,
            -5.603508492536232,
            -5.514749778925591,
            -5.593998221911768,
            -5.633462308688502,
            -5.601209204026602,
            -5.652461889157277,
            -5.633332260839819,
            -5.617885008104205,
            -5.626431623661528,
            -5.594139009577287,
            -5.626066820330428,
            -5.5369571265615924,
            -5.545668984186653,
            -5.586899730546827,
            -5.64700974502153,
            -5.622094235690354,
            -5.634947233785063,
            -5.640376632145716,
            -5.579994440669522,
            -5.6680417432245624,
            -5.6641628919774805,
            -5.669492160239956,
            -5.645915992070772,
            -5.653458411214186,
            -5.636961436286685,
            -5.6685975794694015,
            -5.665261228391904,
            -5.636632013893464,
            -5.640425186781681,
            -5.683391764741301,
            -5.67262484324093,
            -5.6680574632669325,
            -5.674884409495008,
            -5.667081303018002,
            -5.671190146267906,
            -5.6791380871181545,
            -5.67644608992925,
            -5.672521834699325,
            -5.6806997675523965,
            -5.631814239452149,
            -5.555608759248361,
            -5.668268157076179,
            -5.67644608992925,
            -5.679183491100997,
            -5.677011248306582,
            -5.67410855730843,
            -5.657113862766864,
            -5.6791380871181545,
            -5.590628634727389,
            -5.679467509511378,
            -5.683391764741301,
            -5.681310329912569,
            -5.683391764741301,
            -5.67769283886812,
            -5.683391764741301,
            -5.683391764741301,
            -5.678032812538354,
            -5.683391764741301
        ],
        -5.6833917647413,
        989
    ]
}