{
    "cal_list": 500,
    "QAOA_list": [
        [
            -4.884965220833136,
            -4.942065444373038,
            -5.145019965638451,
            -5.040213783837153,
            -4.997863574953989,
            -5.249951884137037,
            -5.228387057886809,
            -5.314205034321577,
            -5.257384812942914,
            -5.1434164397359385,
            -5.370422045688627,
            -5.4198814627457885,
            -5.360611190132687,
            -5.423738666644948,
            -5.472747706899984,
            -5.515189902253124,
            -5.527805155914681,
            -5.366693113237705,
            -5.39860988775126,
            -5.393908243081003,
            -5.468995699644027,
            -5.581295768264571,
            -5.622971520363331,
            -5.56307223229222,
            -5.609651152880615,
            -5.561854982884808,
            -5.6146421060869045,
            -5.564035041728534,
            -5.623822519465632,
            -5.583098270668634,
            -5.562801592833722,
            -5.66146560480478,
            -5.694999696249404,
            -5.576638428525032,
            -5.6563499392171135,
            -5.6668678447301515,
            -5.642811451592707,
            -5.6631379710465115,
            -5.6687283771495345,
            -5.698660662424401,
            -5.6976287093411635,
            -5.662458255376521,
            -5.65970850531183,
            -5.650530267321553,
            -5.672760201846045,
            -5.6954803823033355,
            -5.702019437920519,
            -5.669589831973974,
            -5.669693847992644,
            -5.687957426669843,
            -5.698596010193411,
            -5.70009690909276,
            -5.66666312061457,
            -5.692664883496212,
            -5.671463522248587,
            -5.705850200441891,
            -5.641853237042016,
            -5.696471675147,
            -5.673516066868298,
            -5.667621024310904,
            -5.700115602131644,
            -5.701617124273419,
            -5.703141114729345,
            -5.663676722924398,
            -5.625192986737883,
            -5.70082079828808,
            -5.640432308365412,
            -5.697503089674447,
            -5.696730218910975,
            -5.701706290100407,
            -5.701047744966534,
            -5.6946401890011815,
            -5.700135948016425,
            -5.668350824521996,
            -5.703059305689424,
            -5.692454822743157,
            -5.698528071847955,
            -5.701956366871328,
            -5.706626352281042,
            -5.667132689673106,
            -5.7034604998838745,
            -5.706049488531175,
            -5.705036199988269,
            -5.7026689276549245,
            -5.701157212595625,
            -5.699518495647558,
            -5.696469987758417,
            -5.699098163469,
            -5.7034604998838745,
            -5.7021662017782,
            -5.700798242407493,
            -5.701952057473661,
            -5.700435522962166,
            -5.64949361114628,
            -5.672479750992311,
            -5.7042520721128245,
            -5.705546890310363,
            -5.671189762284303,
            -5.703488286128959,
            -5.700256172737585
        ],
        -5.793546029280504,
        853
    ]
}