{
    "cal_list": 501,
    "QAOA_list": [
        [
            -4.782043594653381,
            -4.807867138793275,
            -5.125420147916089,
            -5.1993383676569715,
            -5.241587216154592,
            -5.282644956422441,
            -4.99465984011546,
            -5.265018407866106,
            -5.284032171040167,
            -5.433769248900947,
            -5.407846815743338,
            -5.531941255940812,
            -5.510307402597443,
            -5.572393891278386,
            -5.607674178260645,
            -5.598349055596373,
            -5.532774742597459,
            -5.668909744072651,
            -5.615710890235555,
            -5.615600474607178,
            -5.695721689830242,
            -5.662271755030197,
            -5.67282428004032,
            -5.620753142731899,
            -5.544281254127087,
            -5.702111892915082,
            -5.71113082212378,
            -5.615392630164155,
            -5.663072608569811,
            -5.697749763529863,
            -5.615646908324562,
            -5.672864038489206,
            -5.6224725170378225,
            -5.730095163778899,
            -5.617562385797656,
            -5.680588522032622,
            -5.721470673476558,
            -5.691590459262574,
            -5.719197613029243,
            -5.678008794098804,
            -5.71164130620736,
            -5.709074452419982,
            -5.713734605389493,
            -5.7140668634986165,
            -5.71729897688999,
            -5.711635654822196,
            -5.7155015604716395,
            -5.71301379154524,
            -5.719096393308341,
            -5.702498813946595,
            -5.666249633355188,
            -5.642167069501904,
            -5.71729897688999,
            -5.713704144053288,
            -5.7155015604716395,
            -5.71729897688999,
            -5.713704144053288,
            -5.712666016228313,
            -5.7155015604716395,
            -5.7155015604716395,
            -5.7155015604716395,
            -5.71729897688999,
            -5.713704144053288,
            -5.717400196610892,
            -5.703622926225137,
            -5.7155015604716395,
            -5.714520771090549,
            -5.71729897688999,
            -5.7147099882426895,
            -5.7147099882426895,
            -5.713704144053288,
            -5.7155015604716395,
            -5.687936875824846,
            -5.7244886425633945,
            -5.719096393308341,
            -5.7126284273057335,
            -5.688797161809048,
            -5.718406040800293,
            -5.71729897688999,
            -5.719197613029243,
            -5.713704144053288,
            -5.717661696335318,
            -5.702486114250121,
            -5.71729897688999,
            -5.7155015604716395,
            -5.716507404661041,
            -5.7140668634986165,
            -5.719096393308341,
            -5.70674485357676,
            -5.715072707688019,
            -5.721899653916093,
            -5.719459112753668,
            -5.716226999362295,
            -5.715864279916966,
            -5.7155015604716395,
            -5.718304821079391,
            -5.668490856590912,
            -5.7196168927245505,
            -5.718033748266651,
            -5.714924260203142
        ],
        -5.803574964970836,
        1057
    ]
}