{
    "cal_list": 505,
    "QAOA_list": [
        [
            -4.402577498176139,
            -4.649380700642689,
            -4.512701862010473,
            -4.533874045014985,
            -4.690562811223392,
            -4.6822181876091875,
            -4.8865091529563,
            -4.81523992780094,
            -4.866261452690107,
            -4.908376985631325,
            -5.013778618076379,
            -5.1110546333434845,
            -5.005132119696119,
            -5.109592503045293,
            -5.164244279456446,
            -5.131936010924307,
            -5.196180735911221,
            -5.164940501167295,
            -5.242648941378572,
            -5.191597977871678,
            -5.234211433202953,
            -5.21911940309408,
            -5.255170721909163,
            -5.221660678693745,
            -5.200011163750754,
            -5.267626278268317,
            -5.229861557636597,
            -5.274557330907043,
            -5.228406364835402,
            -5.216552984430641,
            -5.266519714973791,
            -5.265871071926905,
            -5.274557330907043,
            -5.273685404879525,
            -5.230898735773772,
            -5.268751264951707,
            -5.25220944427182,
            -5.2754292569345616,
            -5.2754292569345616,
            -5.268751264951707,
            -5.268263567028828,
            -5.2754292569345616,
            -5.274557330907043,
            -5.2754292569345616,
            -5.274557330907043,
            -5.269965209258811,
            -5.2754292569345616,
            -5.273685404879524,
            -5.274557330907043,
            -5.25470181521019,
            -5.2754292569345616,
            -5.2754292569345616,
            -5.268751264951707,
            -5.2754292569345616,
            -5.2754292569345616,
            -5.2754292569345616,
            -5.2754292569345616,
            -5.25470181521019,
            -5.27263455170468,
            -5.269886329825271,
            -5.253081370299339,
            -5.27263455170468,
            -5.2282251582294474,
            -5.2754292569345616,
            -5.2754292569345616,
            -5.2754292569345616,
            -5.268751264951707,
            -5.274557330907043,
            -5.233647048492945,
            -5.232353928574967,
            -5.25470181521019,
            -5.2754292569345616,
            -5.268263567028828,
            -5.2754292569345616,
            -5.2754292569345616,
            -5.2754292569345616,
            -5.2754292569345616,
            -5.2754292569345616,
            -5.253829889182671,
            -5.25470181521019,
            -5.273685404879525,
            -5.2754292569345616,
            -5.2754292569345616,
            -5.2754292569345616,
            -5.253829889182671,
            -5.2754292569345616,
            -5.2754292569345616,
            -5.2754292569345616,
            -5.2754292569345616,
            -5.271413999036196,
            -5.2754292569345616,
            -5.26739164100131,
            -5.274557330907043,
            -5.2754292569345616,
            -5.2754292569345616,
            -5.2754292569345616,
            -5.257834388761285,
            -5.25470181521019,
            -5.2754292569345616,
            -5.2754292569345616
        ],
        -5.2754292569345616,
        345
    ]
}