{
    "cal_list": 503,
    "QAOA_list": [
        [
            -5.161703528060308,
            -5.09547648309246,
            -5.234573493386464,
            -5.314730460863896,
            -5.476385797378635,
            -5.449568602689259,
            -5.660719986287537,
            -5.516558268100344,
            -5.392355140014978,
            -5.544140824928538,
            -5.5742542292379,
            -5.589977572846268,
            -5.469438062016288,
            -5.709442420268054,
            -5.578968027126613,
            -5.5818896088847145,
            -5.678311849197971,
            -5.750135684115275,
            -5.701508426105794,
            -5.693448717945801,
            -5.658780638013028,
            -5.678262750442055,
            -5.660644341172682,
            -5.755979387333149,
            -5.765372261978647,
            -5.760388015062785,
            -5.70633632772091,
            -5.698052630250941,
            -5.685936858854277,
            -5.758830695474096,
            -5.7426965517507105,
            -5.760522193250481,
            -5.739490429427012,
            -5.687965697280966,
            -5.776503251366218,
            -5.730451630051419,
            -5.772154198313874,
            -5.771801380846995,
            -5.745007410115116,
            -5.764831550050827,
            -5.741121692936519,
            -5.767251450859688,
            -5.714198305406833,
            -5.714570418583505,
            -5.75069280572378,
            -5.769823289170996,
            -5.7485242100599905,
            -5.757813110234464,
            -5.775891848202719,
            -5.742834170129154,
            -5.778904508058076,
            -5.786443385279576,
            -5.751384068647647,
            -5.7554418747121625,
            -5.696116821456312,
            -5.75852180211341,
            -5.760580235994426,
            -5.787896874350356,
            -5.7862905840118755,
            -5.781870801499585,
            -5.783981108914957,
            -5.775967447685796,
            -5.783023009820065,
            -5.787345737719561,
            -5.7945124859256225,
            -5.758092009314255,
            -5.782973074761176,
            -5.7832478419257995,
            -5.785425343627266,
            -5.758691600321738,
            -5.789960815351879,
            -5.791618105477159,
            -5.761241207084923,
            -5.79191832149955,
            -5.798495530981115,
            -5.790863167791866,
            -5.790359150714974,
            -5.790863167791866,
            -5.794274916150373,
            -5.79533006985806,
            -5.7903328350796,
            -5.791367184868754,
            -5.770119105544549,
            -5.796037887989449,
            -5.790886386996308,
            -5.794577257631087,
            -5.793408922625709,
            -5.795354754009485,
            -5.794274916150373,
            -5.764170830631915,
            -5.798495530981115,
            -5.7965499466680175,
            -5.795634919253403,
            -5.773436614795248,
            -5.7951309021765125,
            -5.798347363086368,
            -5.798699332035614,
            -5.767003674541604,
            -5.794778933227264,
            -5.799550684688801
        ],
        -5.872456806875425,
        748
    ]
}