{
    "cal_list": 509,
    "QAOA_list": [
        [
            -3.7472709467867866,
            -4.172648095406622,
            -4.179691671917317,
            -4.325247149816523,
            -4.69490107951047,
            -4.825685996434163,
            -4.834178742600142,
            -5.069048244857696,
            -5.1619222535205385,
            -5.331170088954682,
            -5.300061136064726,
            -5.390459763772182,
            -5.389181104337596,
            -5.525789589298024,
            -5.502303270497713,
            -5.625094084479144,
            -5.5109757630663845,
            -5.627021866019452,
            -5.617164124162878,
            -5.625094084479144,
            -5.486543723667873,
            -5.604493705239029,
            -5.6260579752492985,
            -5.627021866019452,
            -5.627985756789607,
            -5.6246009956841085,
            -5.60201260299606,
            -5.60105145237445,
            -5.594591176350093,
            -5.602976493766214,
            -5.627985756789607,
            -5.627985756789607,
            -5.626060715397844,
            -5.618856887341929,
            -5.627985756789607,
            -5.627985756789607,
            -5.593276897760368,
            -5.626060715397844,
            -5.60201260299606,
            -5.627985756789607,
            -5.627985756789607,
            -5.627021866019452,
            -5.627985756789607,
            -5.626060715397844,
            -5.626060715397844,
            -5.6044489182066695,
            -5.593025025988397,
            -5.579670004365703,
            -5.624135674006079,
            -5.627985756789607,
            -5.627985756789607,
            -5.627985756789607,
            -5.625096824627689,
            -5.627985756789607,
            -5.627985756789607,
            -5.627985756789607,
            -5.626060715397844,
            -5.627985756789607,
            -5.6260579752492985,
            -5.627985756789607,
            -5.602976493766214,
            -5.627985756789607,
            -5.626060715397844,
            -5.627985756789607,
            -5.627985756789607,
            -5.626060715397844,
            -5.627985756789607,
            -5.627985756789607,
            -5.625564886454263,
            -5.627985756789607,
            -5.627985756789607,
            -5.602976493766214,
            -5.627985756789607,
            -5.627985756789607,
            -5.627985756789607,
            -5.626060715397844,
            -5.627985756789607,
            -5.627021866019452,
            -5.627985756789607,
            -5.627021866019452,
            -5.627985756789607,
            -5.627985756789607,
            -5.627985756789607,
            -5.627985756789607,
            -5.626060715397844,
            -5.626060715397844,
            -5.627985756789607,
            -5.627985756789607,
            -5.627985756789607,
            -5.627985756789607,
            -5.627985756789607,
            -5.627985756789607,
            -5.627985756789607,
            -5.627985756789607,
            -5.627985756789607,
            -5.627985756789607,
            -5.627985756789607,
            -5.627985756789607,
            -5.626060715397844,
            -5.605457596009183
        ],
        -5.627985756789608,
        377
    ]
}