{
    "cal_list": 508,
    "QAOA_list": [
        [
            -3.152774645898,
            -3.5902725150333676,
            -3.770196931683582,
            -4.209057188974592,
            -4.102255270536126,
            -3.930718419134184,
            -4.201112362295368,
            -4.295767820516631,
            -4.465590497380975,
            -4.280915399356534,
            -4.536633917032747,
            -4.64448591590401,
            -4.660133808902761,
            -4.6360123566042795,
            -4.845868918542914,
            -4.775007725857338,
            -4.921959573050065,
            -4.913715349934986,
            -4.956173240736778,
            -4.97990542291136,
            -4.972857356539495,
            -5.01418602304987,
            -5.024337915903291,
            -4.9919484983214835,
            -5.041237666786956,
            -4.9267250821319575,
            -5.016318791106269,
            -5.001943530160021,
            -4.9736269487132345,
            -5.01738319882295,
            -5.035474817417836,
            -4.999930837582461,
            -5.018845129443863,
            -5.04506074141096,
            -5.034396700306217,
            -5.019557418020258,
            -5.036469015201966,
            -5.042824150993329,
            -5.021474596906341,
            -5.041650609953757,
            -5.022130892365107,
            -5.0409050798145465,
            -5.038893519091657,
            -5.018311724736984,
            -5.039639049230867,
            -5.041318022981347,
            -5.038893519091656,
            -5.042063553120557,
            -5.0000845431096765,
            -5.041318022981347,
            -5.041318022981347,
            -5.020451918614627,
            -5.020483254608149,
            -5.038893519091657,
            -5.041318022981347,
            -5.041318022981347,
            -5.018960858336206,
            -5.038893519091657,
            -5.04256269056976,
            -5.016740074078877,
            -5.017132914130568,
            -5.041318022981347,
            -5.041318022981347,
            -5.021385362225897,
            -5.042149747402959,
            -5.042063553120557,
            -5.038181531415289,
            -5.041318022981347,
            -5.038893519091657,
            -5.041318022981347,
            -5.041318022981347,
            -5.041318022981347,
            -5.041650609953757,
            -5.041318022981347,
            -5.039639049230867,
            -5.041318022981347,
            -5.019557418020258,
            -5.019557418020258,
            -5.041318022981347,
            -5.019716493692661,
            -5.038246655127723,
            -5.042063553120557,
            -5.041318022981347,
            -5.041318022981347,
            -5.041318022981347,
            -4.995648478497096,
            -5.041318022981347,
            -5.041318022981347,
            -5.039639049230867,
            -5.041318022981347,
            -5.041318022981347,
            -5.015624113210221,
            -5.036469015201966,
            -5.000155929329555,
            -5.04256269056976,
            -5.041318022981347,
            -5.019557418020258,
            -5.041318022981347,
            -5.023800434620756,
            -5.042149747402959
        ],
        -5.1035514024019655,
        487
    ]
}