{
    "cal_list": 503,
    "QAOA_list": [
        [
            -5.3639551267294925,
            -5.406329305776386,
            -5.5662538598125275,
            -5.573744111010722,
            -5.519216642489098,
            -5.602724555195731,
            -5.557475351530702,
            -5.564017289986662,
            -5.636546020431067,
            -5.586197210736007,
            -5.523232056447307,
            -5.694178318015717,
            -5.771174201894658,
            -5.787921812602926,
            -5.6766225320206765,
            -5.844157555091827,
            -5.691434851018366,
            -5.727264057823347,
            -5.825833392772265,
            -5.823206126864096,
            -5.680033404895372,
            -5.795385100341584,
            -5.857877000022367,
            -5.860848525413823,
            -5.81683085063313,
            -5.739393541562168,
            -5.859674416440718,
            -5.793367345214036,
            -5.8276100475802135,
            -5.830290680228382,
            -5.863840767381589,
            -5.859030727522102,
            -5.837765248205397,
            -5.86147183285907,
            -5.852232485919987,
            -5.864556627114655,
            -5.86333607444617,
            -5.86147183285907,
            -5.86132749123017,
            -5.834767964630319,
            -5.86333607444617,
            -5.871236254206942,
            -5.866354043533006,
            -5.865133490864522,
            -5.863912938196038,
            -5.866044302943307,
            -5.834354643662675,
            -5.7755004855154475,
            -5.8687951488699746,
            -5.866354043533006,
            -5.866116473757757,
            -5.868218285120109,
            -5.845088564216301,
            -5.8687951488699746,
            -5.868722978055525,
            -5.86757459620149,
            -5.866760162676376,
            -5.870015701538458,
            -5.870015701538458,
            -5.872456806875427,
            -5.870015701538458,
            -5.868722978055525,
            -5.7827569763576,
            -5.86757459620149,
            -5.871236254206942,
            -5.785198081694569,
            -5.868218285120109,
            -5.86757459620149,
            -5.8438122297644055,
            -5.84046460882937,
            -5.866997732451623,
            -5.8687951488699746,
            -5.870015701538458,
            -5.868171841424729,
            -5.860843179768126,
            -5.872456806875427,
            -5.872456806875427,
            -5.841685161497855,
            -5.868218285120109,
            -5.872456806875427,
            -5.870015701538458,
            -5.8687951488699746,
            -5.814079349063479,
            -5.872456806875427,
            -5.871236254206942,
            -5.872456806875427,
            -5.872456806875427,
            -5.870015701538458,
            -5.872456806875427,
            -5.872456806875427,
            -5.871236254206942,
            -5.872456806875427,
            -5.871236254206942,
            -5.866925561637174,
            -5.871236254206942,
            -5.870015701538458,
            -5.869392394093214,
            -5.870015701538458,
            -5.869438837788591,
            -5.866951288756245
        ],
        -5.872456806875425,
        194
    ]
}