{
    "cal_list": 506,
    "QAOA_list": [
        [
            -1.4983421215898298,
            -1.4983421215898298,
            -1.4983421215898298,
            -1.4983421215898298,
            -1.4983421215898298,
            -1.4983421215898298,
            -1.4983421215898298,
            -1.4983421215898298,
            -1.4983421215898298,
            -1.4983421215898298,
            -1.4983421215898298,
            -1.549893252825287,
            -1.4983421215898298,
            -1.4983421215898298,
            -1.4983421215898298,
            -1.4983421215898298,
            -1.602557494090486,
            -1.4983421215898298,
            -1.549893252825287,
            -1.4983421215898298,
            -1.549893252825287,
            -1.4983421215898298,
            -1.5529277931261734,
            -1.7075811868325446,
            -1.6014443840607435,
            -1.549893252825287,
            -1.6014443840607435,
            -1.7560977777671147,
            -1.7560977777671147,
            -2.119990236716201,
            -2.0654045651798567,
            -2.3231602213571416,
            -2.993324927418083,
            -2.5293647462989703,
            -3.4057339773017397,
            -3.355295956096025,
            -3.6119385022435675,
            -3.6119385022435675,
            -3.9727964208917665,
            -4.024347552127224,
            -4.02738209242811,
            -4.075898683362681,
            -4.075898683362681,
            -4.075898683362681,
            -4.024347552127224,
            -4.076291621317832,
            -4.024347552127224,
            -4.075898683362681,
            -4.075898683362681,
            -4.075898683362681,
            -4.075898683362681,
            -4.075898683362681,
            -4.075898683362681,
            -4.075898683362681,
            -4.075898683362681,
            -4.075898683362681,
            -4.075898683362681,
            -4.075898683362681,
            -4.075898683362681,
            -4.076291621317832,
            -4.075898683362681,
            -4.075898683362681,
            -4.075898683362681,
            -4.075898683362681,
            -4.075898683362681,
            -4.075898683362681,
            -4.075898683362681,
            -4.075898683362681,
            -4.075898683362681,
            -4.075898683362681,
            -4.075898683362681,
            -4.075898683362681,
            -4.075898683362681,
            -4.075898683362681,
            -4.075898683362681,
            -4.075898683362681,
            -4.075898683362681,
            -4.075898683362681,
            -4.075898683362681,
            -4.075898683362681,
            -4.075898683362681,
            -4.075898683362681,
            -4.075898683362681,
            -4.075898683362681,
            -4.075898683362681,
            -4.075898683362681,
            -4.075898683362681,
            -4.075898683362681,
            -4.075898683362681,
            -4.075898683362681,
            -4.075898683362681,
            -4.075898683362681,
            -4.075898683362681,
            -4.075898683362681,
            -4.0743739416032865,
            -4.075898683362681,
            -4.075898683362681,
            -4.075898683362681,
            -4.075898683362681,
            -4.075898683362681
        ],
        -5.33530470711936,
        43
    ]
}