{
    "cal_list": 508,
    "QAOA_list": [
        [
            -3.2963434963467746,
            -3.6799260598700663,
            -4.0914589205120295,
            -4.034304927354994,
            -4.525593968831589,
            -4.948857603715708,
            -4.728691197993219,
            -4.896682521530393,
            -4.909638468437653,
            -4.948857603715708,
            -5.076661396246371,
            -5.0077223981618975,
            -5.0816984980655135,
            -5.076661396246371,
            -5.0626277700640285,
            -5.01275949998104,
            -4.993688771979554,
            -5.076661396246371,
            -5.0816984980655135,
            -5.053251352144744,
            -5.0816984980655135,
            -5.0816984980655135,
            -5.0816984980655135,
            -5.0816984980655135,
            -5.076661396246371,
            -5.0816984980655135,
            -5.0816984980655135,
            -5.0816984980655135,
            -5.0816984980655135,
            -5.0816984980655135,
            -5.059130283602742,
            -5.0816984980655135,
            -5.0816984980655135,
            -5.0816984980655135,
            -5.076661396246371,
            -5.0816984980655135,
            -5.076661396246371,
            -5.0626277700640285,
            -5.0816984980655135,
            -5.0816984980655135,
            -5.0816984980655135,
            -5.0816984980655135,
            -5.0816984980655135,
            -5.0626277700640285,
            -5.058288453963886,
            -5.0816984980655135,
            -5.0816984980655135,
            -5.0816984980655135,
            -5.0816984980655135,
            -5.0816984980655135,
            -5.0816984980655135,
            -5.0816984980655135,
            -5.0816984980655135,
            -5.0816984980655135,
            -5.0816984980655135,
            -5.076661396246371,
            -5.0816984980655135,
            -5.0816984980655135,
            -5.0816984980655135,
            -5.0816984980655135,
            -5.0816984980655135,
            -5.0816984980655135,
            -5.076661396246371,
            -5.0816984980655135,
            -5.0816984980655135,
            -5.076661396246371,
            -5.0816984980655135,
            -5.076661396246371,
            -5.0816984980655135,
            -5.0816984980655135,
            -5.0816984980655135,
            -5.0816984980655135,
            -5.0816984980655135,
            -4.995228387337409,
            -5.0816984980655135,
            -5.0816984980655135,
            -5.0816984980655135,
            -5.0816984980655135,
            -5.0816984980655135,
            -5.0816984980655135,
            -5.0816984980655135,
            -5.076661396246371,
            -5.0816984980655135,
            -5.0816984980655135,
            -5.0816984980655135,
            -5.0816984980655135,
            -5.0816984980655135,
            -5.0816984980655135,
            -5.0816984980655135,
            -5.0816984980655135,
            -5.0816984980655135,
            -5.0816984980655135,
            -5.076661396246371,
            -5.0816984980655135,
            -5.076661396246371,
            -5.076661396246371,
            -5.0816984980655135,
            -5.076661396246371,
            -5.0816984980655135,
            -5.0816984980655135
        ],
        -5.1035514024019655,
        56
    ]
}