{
    "cal_list": 505,
    "QAOA_list": [
        [
            -4.64909044334553,
            -4.678341321824861,
            -4.769868430995376,
            -4.87674652943894,
            -4.832050756168492,
            -4.8751260845280875,
            -4.918201412887683,
            -5.004352069606874,
            -5.0872618365043625,
            -5.15106460658833,
            -5.130337164863957,
            -5.233974373485818,
            -5.171792048312702,
            -5.192519490037073,
            -5.2754292569345616,
            -5.25470181521019,
            -5.25470181521019,
            -5.25470181521019,
            -5.2754292569345616,
            -5.25470181521019,
            -5.253081370299339,
            -5.2754292569345616,
            -5.2754292569345616,
            -5.25470181521019,
            -5.2754292569345616,
            -5.2754292569345616,
            -5.2754292569345616,
            -5.2754292569345616,
            -5.25470181521019,
            -5.2754292569345616,
            -5.2754292569345616,
            -5.2754292569345616,
            -5.2754292569345616,
            -5.25470181521019,
            -5.25470181521019,
            -5.2754292569345616,
            -5.2754292569345616,
            -5.2754292569345616,
            -5.2754292569345616,
            -5.2754292569345616,
            -5.2754292569345616,
            -5.2754292569345616,
            -5.2754292569345616,
            -5.2754292569345616,
            -5.2754292569345616,
            -5.2754292569345616,
            -5.2754292569345616,
            -5.2754292569345616,
            -5.2754292569345616,
            -5.25470181521019,
            -5.2754292569345616,
            -5.2754292569345616,
            -5.2754292569345616,
            -5.2754292569345616,
            -5.2754292569345616,
            -5.2754292569345616,
            -5.2754292569345616,
            -5.2754292569345616,
            -5.2754292569345616,
            -5.2754292569345616,
            -5.2754292569345616,
            -5.2754292569345616,
            -5.2754292569345616,
            -5.2754292569345616,
            -5.2754292569345616,
            -5.2754292569345616,
            -5.2754292569345616,
            -5.2754292569345616,
            -5.2754292569345616,
            -5.2754292569345616,
            -5.2754292569345616,
            -5.2754292569345616,
            -5.25470181521019,
            -5.2754292569345616,
            -5.2754292569345616,
            -5.2754292569345616,
            -5.2754292569345616,
            -5.2754292569345616,
            -5.2754292569345616,
            -5.2754292569345616,
            -5.253081370299339,
            -5.2754292569345616,
            -5.2754292569345616,
            -5.2754292569345616,
            -5.2754292569345616,
            -5.25470181521019,
            -5.269886329825271,
            -5.2754292569345616,
            -5.253081370299339,
            -5.2754292569345616,
            -5.2754292569345616,
            -5.2754292569345616,
            -5.2754292569345616,
            -5.2754292569345616,
            -5.2754292569345616,
            -5.25470181521019,
            -5.2754292569345616,
            -5.2754292569345616,
            -5.2754292569345616,
            -5.2754292569345616
        ],
        -5.2754292569345616,
        29
    ]
}