{
    "cal_list": 502,
    "QAOA_list": [
        [
            -4.581714486098708,
            -4.846535480554872,
            -4.878078392329182,
            -5.192103091954286,
            -5.065253474354951,
            -5.21667940449596,
            -5.482125241021597,
            -5.557588137969178,
            -5.533551854652126,
            -5.559316866484264,
            -5.489594653217758,
            -5.577522585872587,
            -5.598176162703377,
            -5.554259541323122,
            -5.591256684161712,
            -5.563574572836745,
            -5.6008909056673755,
            -5.547094014816607,
            -5.497012723375133,
            -5.592690227039211,
            -5.589810857032081,
            -5.595390479105359,
            -5.546067473005016,
            -5.586545446588603,
            -5.578143483123956,
            -5.606260409147335,
            -5.573366254754068,
            -5.601544581688461,
            -5.589575121047972,
            -5.604698728713093,
            -5.606825567524667,
            -5.602571889901521,
            -5.557229900412903,
            -5.59415822106434,
            -5.60077447348317,
            -5.596520795860024,
            -5.604133570335762,
            -5.596520795860024,
            -5.600209315105838,
            -5.606589831540557,
            -5.599553920814685,
            -5.604462992728984,
            -5.60895240633624,
            -5.614767764393628,
            -5.611738089934258,
            -5.61533292277096,
            -5.613206083959386,
            -5.630220794451971,
            -5.611172931556926,
            -5.626083549013032,
            -5.617224025598423,
            -5.5975623760428155,
            -5.619586600394106,
            -5.628093955640399,
            -5.621148280828347,
            -5.632347633263545,
            -5.620492886537195,
            -5.634803894468341,
            -5.634474472075118,
            -5.645438088526207,
            -5.62733811940484,
            -5.640854988509838,
            -5.653050863001945,
            -5.645108666132984,
            -5.654979202502354,
            -5.637952297511686,
            -5.624953109796791,
            -5.6536160213792765,
            -5.662123376625569,
            -5.6663770542487155,
            -5.657869699002423,
            -5.670630731871862,
            -5.6599965378139965,
            -5.6624527990187925,
            -5.664250215437143,
            -5.6539454437725,
            -5.6663770542487155,
            -5.6663770542487155,
            -5.666706476641939,
            -5.670630731871862,
            -5.6791380871181545,
            -5.670630731871862,
            -5.668620325244495,
            -5.674884409495008,
            -5.6791380871181545,
            -5.673086993076659,
            -5.6791380871181545,
            -5.677340670699805,
            -5.650733346332145,
            -5.674884409495008,
            -5.6727575706834354,
            -5.677011248306582,
            -5.681264925929728,
            -5.6791380871181545,
            -5.677011248306582,
            -5.6791380871181545,
            -5.674884409495008,
            -5.671652296103634,
            -5.671652296103634,
            -5.6727575706834354
        ],
        -5.6833917647413,
        214
    ]
}