{
    "cal_list": 600,
    "QAOA_list": [
        [
            -2.2678251860602607,
            -2.243690783072436,
            -2.217051994949604,
            -2.2864542433075856,
            -2.2728846570637966,
            -2.305603075624503,
            -2.2996649714966635,
            -2.362951047667446,
            -2.3415476370961654,
            -2.363449132998688,
            -2.369129669490948,
            -2.342648043258615,
            -2.289755908715475,
            -2.352836331688475,
            -2.35379670280402,
            -2.3350692126739547,
            -2.3420791227331255,
            -2.35505192919086,
            -2.3420365427180014,
            -2.376209713902457,
            -2.3726857973636455,
            -2.3011237416930372,
            -2.3779784773454673,
            -2.3861070169038046,
            -2.340456010310049,
            -2.382780666778919,
            -2.311095801203832,
            -2.338976640472042,
            -2.342696869655489,
            -2.3705752218999767,
            -2.381133943037962,
            -2.3450878321923536,
            -2.389575901348692,
            -2.352235500775731,
            -2.3852922491998374,
            -2.377155439859464,
            -2.3802596110287486,
            -2.389156185405911,
            -2.392606842484114,
            -2.3860659929502304,
            -2.3567283290953496,
            -2.397537294565846,
            -2.352482167741023,
            -2.4020462737809165,
            -2.403363909992698,
            -2.354836940713105,
            -2.3630523288611833,
            -2.4010578946515624,
            -2.4008690434055877,
            -2.400241806672801,
            -2.3885174846961874,
            -2.416322442181059,
            -2.4036869347668666,
            -2.4073312824591873,
            -2.4019612861719812,
            -2.3668230616659036,
            -2.368634159379525,
            -2.401373800918617,
            -2.4034137169471013,
            -2.3286882989860405,
            -2.404501149135111,
            -2.401124929464331,
            -2.400740822175663,
            -2.4070171818998842,
            -2.41780839163113,
            -2.418315651308633,
            -2.416331616885289,
            -2.371850464397979,
            -2.416749736950077,
            -2.412956027145187,
            -2.4029677064362485,
            -2.4195714713192134,
            -2.407728119514477,
            -2.3969567328481043,
            -2.4222996147641225,
            -2.4195991761460798,
            -2.4188281317451583,
            -2.4196616778187927,
            -2.4119732917879975,
            -2.4201974360769096,
            -2.421157081441418,
            -2.4109447615663764,
            -2.4054243598214606,
            -2.418733678523243,
            -2.4205221800941277,
            -2.382630957052004,
            -2.4208316427555836,
            -2.383334176271642,
            -2.4209468636200118,
            -2.4184068680454165,
            -2.420060232398379,
            -2.4084238728703515,
            -2.4196769326587058,
            -2.415092119300068,
            -2.41626895829282,
            -2.420441483649132,
            -2.416346416522879,
            -2.422431261912243,
            -2.4170927033296605,
            -2.385562762978548
        ],
        -2.4287192947703233,
        4098
    ]
}