{
    "cal_list": 501,
    "QAOA_list": [
        [
            -4.56817333711526,
            -4.638383307646851,
            -4.7151999054158145,
            -4.853553468841336,
            -5.002555038444094,
            -5.179065021518763,
            -5.353813021155485,
            -5.245300111660937,
            -5.3717543333972175,
            -5.468123513932095,
            -5.4834026538665555,
            -5.478883123528533,
            -5.590016377606203,
            -5.570263285510679,
            -5.4488942697547795,
            -5.565630069517955,
            -5.708321699346904,
            -5.64009621070668,
            -5.69295673430609,
            -5.721108146362327,
            -5.729110849286367,
            -5.680878094930421,
            -5.703430879845924,
            -5.734004055165401,
            -5.703637821906146,
            -5.736501524836026,
            -5.73679667834685,
            -5.726218685378337,
            -5.7141282937565885,
            -5.719545521262541,
            -5.740085720246426,
            -5.729279575527049,
            -5.725257696576178,
            -5.754445429787936,
            -5.713627877179861,
            -5.708541418861935,
            -5.750357485759182,
            -5.690335886510463,
            -5.764009812148189,
            -5.75757943506816,
            -5.789922638581831,
            -5.785289677920153,
            -5.734203691840949,
            -5.789683849404663,
            -5.730126047973987,
            -5.790070521892162,
            -5.758899273132179,
            -5.731121592001597,
            -5.786081250149103,
            -5.748313513744805,
            -5.777821173015147,
            -5.763250523554813,
            -5.759027543812726,
            -5.754743890824833,
            -5.776023756596796,
            -5.773275733471544,
            -5.796353015661858,
            -5.762212395729838,
            -5.767668775737408,
            -5.788645721579687,
            -5.734849928194773,
            -5.785043122324125,
            -5.792329202385622,
            -5.733957136244921,
            -5.766549442789825,
            -5.771478317053193,
            -5.794309043647481,
            -5.74062410576675,
            -5.768642772809866,
            -5.7963530156618575,
            -5.794309043647481,
            -5.803574964970836,
            -5.794309043647481,
            -5.801777548552485,
            -5.79251162722913,
            -5.803574964970836,
            -5.800556995884001,
            -5.794309043647481,
            -5.8017775485524865,
            -5.758926324091825,
            -5.8009859763235365,
            -5.783245705905774,
            -5.768642772809866,
            -5.798942004309158,
            -5.8009859763235365,
            -5.803574964970836,
            -5.7979680072367,
            -5.8023544123023525,
            -5.803574964970836,
            -5.803574964970836,
            -5.7668453563915145,
            -5.799188559905185,
            -5.798942004309158,
            -5.8009859763235365,
            -5.8009859763235365,
            -5.801777548552485,
            -5.8009859763235365,
            -5.803574964970836,
            -5.799980132134135,
            -5.768642772809867
        ],
        -5.803574964970836,
        119
    ]
}