{
    "cal_list": 500,
    "QAOA_list": [
        [
            -4.692523176965561,
            -5.039689991238506,
            -5.17997153686632,
            -5.322450104069098,
            -5.43362266400625,
            -5.543197387151455,
            -5.489551546232402,
            -5.609908031891855,
            -5.613451420741715,
            -5.6682452867957185,
            -5.669639049900203,
            -5.703675208362958,
            -5.701445093910763,
            -5.669687555778159,
            -5.702783223904385,
            -5.637441244684735,
            -5.703675208362958,
            -5.703675208362958,
            -5.703675208362958,
            -5.703675208362958,
            -5.703675208362958,
            -5.703675208362958,
            -5.703675208362958,
            -5.703675208362958,
            -5.641186378099108,
            -5.701230949606225,
            -5.670763387720963,
            -5.702783223904385,
            -5.7028836361340085,
            -5.703675208362958,
            -5.673570365923024,
            -5.673271323221261,
            -5.702665646579246,
            -5.703675208362958,
            -5.703675208362958,
            -5.6704576780591855,
            -5.703675208362958,
            -5.702783223904385,
            -5.703675208362958,
            -5.700435522962166,
            -5.703675208362958,
            -5.669279826799456,
            -5.673271323221261,
            -5.703675208362958,
            -5.703675208362958,
            -5.703675208362958,
            -5.705472624781309,
            -5.703675208362958,
            -5.703675208362958,
            -5.703675208362958,
            -5.703675208362958,
            -5.703675208362958,
            -5.70055695470241,
            -5.703675208362958,
            -5.671310019908276,
            -5.703675208362958,
            -5.703675208362958,
            -5.705472624781307,
            -5.705472624781307,
            -5.674361938151974,
            -5.703675208362958,
            -5.703675208362958,
            -5.705472624781307,
            -5.674361938151974,
            -5.705472624781307,
            -5.703675208362958,
            -5.703675208362958,
            -5.703675208362958,
            -5.703675208362958,
            -5.703675208362958,
            -5.703675208362958,
            -5.702783223904385,
            -5.700868230160897,
            -5.703675208362958,
            -5.703675208362958,
            -5.703675208362958,
            -5.673271323221261,
            -5.703675208362958,
            -5.613758704751579,
            -5.703675208362958,
            -5.703675208362958,
            -5.704580640322734,
            -5.703675208362958,
            -5.673271323221261,
            -5.703675208362958,
            -5.703675208362958,
            -5.674361938151974,
            -5.702240511389935,
            -5.703675208362958,
            -5.703675208362958,
            -5.703675208362958,
            -5.703675208362958,
            -5.703675208362958,
            -5.703675208362958,
            -5.703675208362958,
            -5.703675208362958,
            -5.703675208362958,
            -5.703675208362958,
            -5.703675208362958,
            -5.703675208362958
        ],
        -5.793546029280504,
        163
    ]
}