{
    "cal_list": 509,
    "QAOA_list": [
        [
            -3.5586615544651807,
            -3.776081833606523,
            -3.7087670372943284,
            -3.919732682776535,
            -4.139602579863225,
            -4.580933426052541,
            -4.703395071351849,
            -4.758541920338964,
            -4.965063138848226,
            -5.020165910115014,
            -4.981958870113004,
            -5.011568226421328,
            -5.0215857511750315,
            -5.01028122870967,
            -5.021504867024733,
            -5.0215857511750315,
            -5.055499318571115,
            -5.01028122870967,
            -5.066803841036475,
            -5.066803841036475,
            -5.032890273640392,
            -5.055499318571115,
            -5.078027479351538,
            -5.066722956886176,
            -5.066803841036475,
            -5.089251117666601,
            -5.066803841036475,
            -5.097912769588396,
            -5.078027479351538,
            -5.066803841036475,
            -5.089251117666601,
            -5.089251117666601,
            -5.078027479351538,
            -5.100474755981663,
            -5.066803841036475,
            -5.078027479351538,
            -5.078027479351538,
            -5.035685878040101,
            -5.089251117666601,
            -5.122922032611789,
            -5.074395872435578,
            -5.078027479351538,
            -5.066803841036475,
            -5.089251117666601,
            -5.089251117666601,
            -5.078027479351538,
            -5.100474755981663,
            -5.111617510146427,
            -5.1116983942967265,
            -5.078027479351538,
            -5.111698394296726,
            -5.078027479351538,
            -5.145369309241914,
            -5.134145670926852,
            -5.145369309241914,
            -5.179040224187102,
            -5.21271113913229,
            -5.179040224187101,
            -5.3249475222829155,
            -5.33617116059798,
            -5.4708548203787295,
            -5.448407543748605,
            -5.549339404433869,
            -5.538115766118808,
            -5.57538213397299,
            -5.535634663875839,
            -5.605538480159482,
            -5.5830912035293565,
            -5.571867565214294,
            -5.6167621184745435,
            -5.6167621184745435,
            -5.627985756789607,
            -5.627985756789607,
            -5.627985756789607,
            -5.627985756789607,
            -5.627985756789607,
            -5.627985756789607,
            -5.627985756789607,
            -5.627985756789607,
            -5.6167621184745435,
            -5.6167621184745435,
            -5.627985756789607,
            -5.627985756789607,
            -5.627985756789607,
            -5.627985756789607,
            -5.627985756789607,
            -5.627985756789607,
            -5.627985756789607,
            -5.627985756789607,
            -5.627985756789607,
            -5.627985756789607,
            -5.627985756789607,
            -5.627985756789607,
            -5.627985756789607,
            -5.627985756789607,
            -5.627985756789607,
            -5.627985756789607,
            -5.627985756789607,
            -5.627985756789607,
            -5.627985756789607
        ],
        -5.627985756789608,
        41
    ]
}